Link,Text,Type
https://www.facebook.com/telescopehealth/,"Making Healthcare Costs More Transparent@TelescopeHealth
How disruptive is disruptive innovation in healthcare? Not disruptive enough. Read more in Telescope Health's new blog post.
",video_caption
https://www.facebook.com/KarmaYungMarley/?locale=de_DE,,video_caption
https://www.facebook.com/FoxBusiness/videos/tv-drug-ads-to-include-price/390506054873249/,"TV pitches for prescription drugs will soon be required to include the price, giving consumers more information upfront as they make medication choices at a time when new drugs can carry anxiety-inducing prices. https://fxn.ws/2PTcWHv
If you get universal health care your life may not be worth the cost of the drug that would cure you, so you would not get it.  Two months wait following cancer diagnosis.  Think before you vote.
Drugs are bad mmmmmmkaaaayyyy
",video_caption
https://m.facebook.com/story.php/?story_fbid=800517595411721&id=100063604629224," Medicare drug price negotiations may have a muted impact on drugmakers in the near term. Analysts suggest that other factors like competition and patent expirations may already affect revenue and profits. Some drugs on the list are not significant contributors to their company's business. Negotiated prices won't go into effect until January 2026. Lawsuits filed by drugmakers may prevent negotiated prices from being implemented. Negotiations may have a more significant impact in future rounds, especially for biologic medications. The long-term impact of negotiations could influence drug development strategies.#Medicare #DrugPrices #Negotiations #Pharmaceuticals #Competition #PatentExpirations #BiologicMedications
",video_caption
https://www.facebook.com/LowerDrugPricesIllinois/,"This is a big, big win for consumers who use Medicare.
We are so proud to work with someone as hardworking as State Rep. Nabeela Syed and committed advocates at  AARP Illinois and Protect Our Care-IL on drug price reforms that will reign in abusive practices.
The Generic Drug Pricing Fairness Act is headed to the Governor‚Äôs desk!
An accurate, heartbreaking depiction of how the high-cost of prescription drugs impacts families who would do anything so that their loved ones get the medicine they need.
This bill protects Illinois consumers from skyrocketing prescription costs by banning p‚Ä¶ See more
",video_caption
https://www.facebook.com/AACPharmacy/videos/can-drug-costs-be-contained-explore-how-pharmacists-can-play-a-role-in-containin/454843928628023/,"Can drug costs be contained? Explore: How pharmacists can play a role in containing #DrugPrices;What an AACP delegation learned about #Cuba‚Äôs healthcare infrastructure after a visit to the country; ‚Ä¶
See more
",video_caption
https://m.facebook.com/story.php/?story_fbid=790823669585695&id=100059742060475,"Criminals run the US
Mark Cuban will be far more effective in getting drug prices in the U.S. slashed than Congress ever will be.
Until the whole world get to know how good and generous he is I won't stop saying this cause my life has taken another greatly shape financially just because of little investment I did on your investment company Sir.  Dominic Andrew Rex
I keep on smiling this is wonderful and beyond my expectations. I never knew that this little Invest I did will change my entire life I‚Äôm so happy today because of you  Dominic Andrew Rex
Unsuccessful people make their decisions based on their current situations. Successful people make their decisions based on where they want to be, I choose to achieve a lot and Luis has helped me thank you for all you do for me  Nathaniel Luis
People who give up easily are the people who lose in life, my first experience happens to be a failure but I never gave up because I knew it was going to work out for me to keep trying. I‚Äôm smiling today just getting involved with  Jennifer Lucas
I will be greatful if others wins from  this amazing platform which earns quick returns and stop loss as other companies, I'm privilege to say this.Thank you  Eduardo for being the real you  .  Eduardo B. Rowland
I'll never forget you in my life, you changed my life financially may God grant you all your heart desires Austin Benjamin
You are a blessing Mr MAVERICK  and I thank God for that in the life of my family, and I will not stop to testify about your goodness, you have changed people's life and you keep making good names your truly a life changer. Mr Maverick Spencer
Normally don't do this, I don't praise people for any reason truth be told good works deserves appreciation, l won't deny the fact that I'm super jealous of your hard work and skill.  I'm proud of you and what you've done in my life , we need more peop‚Ä¶ See more
I keep on smiling! This is wonderful and beyond my expectation. I never knew that this little investment I did will change my entire life, I‚Äôm so happy today because of you ma. May God bless you,    Mrs Jennifer Lucas
The push to cut drug prices is one of those rare hot-button issues that unites the two major political parties.
",video_caption
https://m.facebook.com/photo/?fbid=783921503773775&set=a.229531195879478,"A recent study reveals that prescription drug prices are much higher in the U.S. than in other developed countries.The President's #InflationReductionAct is our commitment to tackle this issue head-on.Learn more here https://bit.ly/3w1ayYv
It will never change in Merica.
",video_caption
https://www.facebook.com/OregonDCBS/videos/participate-in-the-state-of-oregon-hearing-on-prescription-drug-prices/3359465244269696/,"There are three ways to get involved with the annual State of Oregon hearing on prescription drug pr‚Ä¶
See more
",video_caption
https://www.facebook.com/RBReich/posts/why-are-drug-prices-so-high-in-the-united-states-compared-to-other-industrialize/2074109705934948/,"It‚Äôs outrageous that drug companies spend huge amounts of money on Oscar winning advertising, and then charge a fortune for life saving medications.
Debbie W, you have to have Medicare in order to get Humana Medicare Advantage, check it out and check and see what it would cost you if you got your medication through Humana Medicare Advantage. It helps with my medication, I'm not on diabetic medicati‚Ä¶ See more
FWIW, EpiPen isn't a drug, but i'll let it slide.Epinephrine is the drug, and you can get it dirt cheap.
Yup...I despise BIG PHARMA and they can keep their diabetic drugs their cancer drugs ... I'll die of natural causes naturally thank you very much.
It‚Äôs not all greedy big pharma.  Look at our tort structure and the ambulance chasers advertising the latest class action as soon as a new drug is approved
We got my husbands advair diskus for $80.00 from Canadadrugs.com. It is a different label/brand name but had same ingredients as advair. That was back in January though. Also, we have to use GoodRx or our local pharmacy will use their discount codes if‚Ä¶ See more
I worked hard my entire life. Now at 65 and trying to survive on Social Security disability checks. Then many of my medications are financially out of reach for me. So I do with out. I don't like being on disability I much rather work if I could but it‚Ä¶ See more
Regardless of how people complain about high cost of drugs, I am thankful that US companies do research and develop new medications. Without my eye drops for glaucoma, I would be blind by now. I am willing to pay anything to keep my eye sight. Please s‚Ä¶ See more
It's  so sad that we don't matter any more. Insurance companies, drug companies, n Dr's that work for companies that own hospitals n small town clinics. We don't  really matter !! It's all about the money. You might see a general family practitioner bu‚Ä¶ See more
Most of that crap is poison, so it‚Äôs not an altogether bad thing.  Not wishing I‚Äôll health on anyone, but I hope this ridiculous situation will make people look for better solutions than the ones Big Pharma peddles.  It‚Äôs not that hard.  Really.
So I just searched a number of theseDrugs on GoodRx. These numbers do not reflect actual costs to patients.  Medicare patients don‚Äôt pay anywhere near this and people with insurance don‚Äôt either.  His numbers are likely retail supplier pricing which no one pays.
Matt, I think the EpiPen price is a crime. I realize the heroin epidemic is frightening, but it is a even worse that the people addicted can get multiple doses of Narcan without paying a dime.
The solution to Big Pharma is right before us, like credit unions and mutual insurance companies.  We need to create a not-for-profit pharmaceutical manufacturing company to produce and sell all generic drugs at cost.  Building one in the middle of t‚Ä¶ See more
This is why a free market system does not work for drugs.  Too often there is only one drug that will treat a particular condition so there is no competition.  when it come to health or life and death, drugs need to be affordable to all, they should be‚Ä¶ See more
I'm from the US, been living and working in Belgium since 1989 and have seen first hand the benefits of the excellent health care system.  Here life-saving drugs like Epipen and insulin are FREE under the required national health insurance.  Single pay‚Ä¶ See more
As a taxpayer, I think we need a one payer system and ALL pharmaceutical companies not for profit. They should be paid for research and go about business for the health of all that inhabit the old earth. No more fat dollars to CEOs or the political ele‚Ä¶ See more
What‚Äôs also crazy is that Kaiser changed a lot of people‚Äôs prescriptions. They now do business with GlaxoSmithKline and don‚Äôt carry the same medications they used to. They switched my inhaler without even telling me and because I had an adverse reactio‚Ä¶ See more
This is terrible it's terrible I can't understand why the drugs are so high you know it doesn't cost that much to make the drug. One of my dearest friends died because she couldn't afford her medication, she didn't want to ask if there were any alterna‚Ä¶ See more
My daughter‚Äôs med for her Crohn‚Äôs is $28,000 every 6 weeks. She has to always have insurance and it worries me to no end as she needs this med to live
My thoughts? Stop running health care as a for-profit business. Create price caps for Big Pharma. Sure they need some profit for research and development, however, not the gi-normous percentages charged/ made especially in the USA!
The full price of Abilify in Australia is something like $130.Glad I pay only $6.40 for my special needs son.
? Zoloft $100.00Celexa $6.00Same drug different price. ‚Ä¶ See more
I forgot to update the pharmacy that my insurance had changed, and I went to pick up my heartburn medication and the pharmacist without thinking anything was abnormal said ""Ok, your total is $180.""  $180 for 30 days of omeprazole that can be bought ove‚Ä¶ See more
I don't know about a lot if these drugs, but I know you can buy Omeprazole (Nexium)  over the counter in Mexico, for about $20 for a years supply. I buy decoflanac (for arthritis) in Mexico for about $3.00 for a month supply..over the counter. It's ver‚Ä¶ See more
It's not just Cananda vs. US.  My daughter's maintenance drug was kicked off her insurance company's formula (a generic, no less!).  Cheapest drug store price, with manufacturer's discount: $60/mo.  Price at Costco: $30/two months.
Imagine if they didn‚Äôt do lobbying and didn‚Äôt waste money on advertisements how much cheaper drugs would be.
Yes. I take many medications plus Synthroid & can not take the cheaper one. It would be nice to pay the $35.00. Our medication costs are very troublesome.
While I do agree that we need to be in control of our lifestyles and health habits, Big Pharma should not profit from peoples ( sometimes self- induced) misery. That‚Äôs just wrong and immoral 
And I know firsthand that insulin has recently at least doubled-my husband is diabetic and I order his Rxs for him! This continues and we won't be able to even pay for that, let alone his other 6-8 meds!
I recently discovered my blood pressure medicine had been recalled.  Pharmacy didn‚Äôt notify me.  Turns out the pills were made in China! Wonder if there‚Äôs a way to find out where our medications are made.
This is insane. My Trulicity capped in July. I have to get samples from doctor till first of the year. My copay is $248 or with the Good RX card it is over $700. INSANE, CRAZY, SHAMEFUL!!!!!!
I am frankly in a panic going to Medicare in Oct. because even though I am not destitute I cannot afford my Diabetic meds on Medicare. Frankly the only reason I've been able to afford them currently is with manufacture's coupons. Can't even afford most‚Ä¶ See more
Drug plans are also covering less.  We just recently cancelled our drug plan.  The plan cost more monthly than it was saving us.  I recently got a prescription for migraine medicine, Zomig, 30 pills, pharmacy quote was $900, which is $30 per pill.  Che‚Ä¶ See more
Until we have term limits, stop politicians from profiting from lobbyists and insider knowledge to line their own pockets, tv media profiting from advertisement playing both sides it will never end or reduce the Heath care costs in this country.
I really love it  when I have a 11am appointment with my child's specialist, but I have to wait until she sees two pharma reps who brought sandwich and cookie trays to talk to them about her drugs she is selling. What should have been 15 minutes at bes‚Ä¶ See more
I heard it costs about a billion dollars to create a drug and bring it to market. At those costs they kind of have to price it so they get their money back. When generics become available, the company can't make money on it anymore.
The Pharma Industrial Complex deceives the general public by hammering that R&D is very expensive..The fact is Pharmaceutical R&D is taxed deductible..The American tax payers foot the bill for development and are stuck paying for the overpriced meds th‚Ä¶ See more
This is why homeopathic therapies are on the rise. We know we can no longer trust the big pharmas to 1 make affordable medicine. 2 make stuff that does not have dangerous side effects. Do they not realize what Henry Ford did? If you make it affordable you can sell more.
There are generics available for Crestor, Abilify, Nexium, Synthroid and Celebrex. All are much cheaper than the brand prices listed in the meme. There is also a generic alternative to the Epipen that is about half the price.
Retirees' spend a large portion of their income on medicines. When I retired at the age of 62, I was shocked   to see how much of my income was going towards medications. Thank goodness my husband was working to support us. I feel for those that are si‚Ä¶ See more
Drug prices in the US are ridiculously high.  It‚Äôs especially difficult for seniors who tend to need more medications as they age and for those suffering from diseases which need highly specialized drugs  This needs to be changed.
I was in Spain for three months. I went to the pharmacy to buy some ibuprofen, they sell it in 600mg. (US sells it in 200mg.) in a 60 pack for what equaled to $2.20. 
Rosuvastatin 10 mg (Crestor ) 90 tab $26.53 canadian dollars ( Cost $14.54 canadian dollar Fee 11.99 (dispansing fee)I think your politicians played enough with your life and keep you in a short leash.It is about time that you people stand up now for w‚Ä¶ See more
I am a nurse and recently had a patient come in with a severe stroke because their insurance wouldn't cover eliquis and the patient was allergic to Coumadin. Eliquis is expensive.  Something needs to be done about this!!!!
Again Robert you asked me for my thoughts. I do not think you understand this word.I think that pharmaceutical CEOs should be crucified on the utility poles leading into and out of every major metropolitan area.‚Ä¶ See more
In a free market society drugstores should be allowed to import freely medicines from all over the world so the prices could fall down.The FDA only serves the interest of the greedy  pharma industries, so do  the U.S. lawmakers. If not so, somebody ple‚Ä¶ See more
Set national drug prices that cannot be raised without definitive proof the increase is necessary.  Cut current drug prices to cost plus 5% profit.  And mandate all pharmaceutical companies go back to being non profit and sell drugs at cost plus 5%.  R‚Ä¶ See more
The drug companies need to stop lobbying and stop advertising. They would make that same amount of profit.
I was prescribed lidocaine pain patches after back surgery. With severe drug allergies, this was the only way to cope and my copay was $15. One day they shot up to $538. No warning, nothing. So, I had to stop using them and now use Aspercreme, a not so‚Ä¶ See more
CONgress is the one getting this money. Doctors being paid to hand out prescriptions is wrong too. In 6 years I went from no meds each day...to 17 pills and an injection that costs $1100 every 90 days.
Why are drug prices so high in the United States compared to other industrialized nations? Because Big Pharma has the political power to write the rules of how we price drugs. Last year alone, the lobbying tab came to $225 million, according to the Center for Responsive Politics. The result is big profits for pharmaceutical executives and their biggest investors, and higher drug prices you and me. Your thoughts?
",video_caption
https://www.facebook.com/makemedsaffordable/,,video_caption
https://www.facebook.com/WhiteHouse/videos/for-decades-big-pharma-fought-to-block-medicare-from-directly-negotiating-lower-/355314573510457/,"For decades, Big Pharma fought to block Medicare from directly negotiating lower drug prices.Under President Biden, those days are ending.
We just watched you poison the entire country for Big Pharma‚Ä¶no one believes anything you do will actually ‚Äúhelp the People.‚Äù
",video_caption
https://www.facebook.com/POTUS/videos/in-just-a-few-weeks-my-plan-to-bring-down-prescription-drug-prices-and-energy-co/5606421109404948/,"In just a few weeks, my plan to bring down prescription drug prices and energy costs starts to go into effect.It‚Äôll be good for our economy. And it‚Äôll be good for working- and middle-class families who will finally get a break.
How about the students loans. And the gas price still up 
Great leadership was rewarded this week and will initiate momentum!MAGA Republicans and election deniers won‚Äôt be able to obstruct nearly to the extent that they expected, due to the outcome of the Midterm‚Äôs!
",video_caption
https://www.facebook.com/SenLisaMurkowski/videos/the-rising-cost-of-drug-prices-must-be-addressed-i-hear-from-far-too-many-alaska/851775675230916/,"The rising cost of drug prices must be addressed. I hear from far too many Alaskan families who worry about paying for life-saving treatments and from seniors who struggle to pay for their needed medication. I‚Äôm proud to support Senator Chuck Grassle‚Ä¶
See more
Stop voting to kill the unborn children.  You're a vile human being.
Thank you.
",video_caption
https://www.facebook.com/LowerDrugPricesNow/,,video_caption
https://www.facebook.com/betterhealth/,"Provides Emergency financial assistance for prescriptions, eye examinations, Medical equipment loans,
",video_caption
https://www.facebook.com/fairmarkethealth/videos/have-you-been-researching-assisted-reproductive-technology-and-need-a-little-ext/831103904603223/,"Have you been researching Assisted Reproductive Technology and need a little extra guidance?Don't hesitate to ask, we are here to help!#fairmarkethealth #wichitakansas #wichita #ks #healthcare #health #ict #humanresourcesmanager #smallbusiness #s‚Ä¶
See more
",video_caption
https://www.facebook.com/mosaictheorymd/videos/buiness-owners-can-save-on-healthcare-costs/1254175588393705/,"Business owners.. this one‚Äôs for you. Healthcare costs are out of control and they are only increasing. You‚Äôre pouring money into something that gives you no knowledge of how your premiums are being spent, why they are being increased and what th‚Ä¶
See more
",video_caption
https://www.facebook.com/healthcaredotcom/,"Healthcare.com is an online healthcare company working to help Americans save on health insurance and prescription medications.
Looking to cut your prescription drug costs? 
Healthcare.com's Rx Savings Card provides up to 80% off medications at over 42,000 U.S. pharmacies, including CVS and Walgreens. 
It's free, easy to use, and doesn't require insurance.‚Ä¶ See more
",video_caption
https://www.facebook.com/sliceofhealthcare/,,video_caption
https://www.facebook.com/Coverfox.Insurance/videos/5-reasons-to-buy-health-insurance/381606472795588/,"Health risks and uncertainties are a part of life. We never know what the future holds, but we can always be prepared. Buying health insurance is one way to be financially prepared against such risks...Let us give you 5 reasons to buy health insur‚Ä¶
See more
",video_caption
https://m.facebook.com/story.php?story_fbid=2508222272819350&id=1790784227896495&m_entstream_source=timeline,"Free in Australia also!
And they decide what doctors you see, when you can get surgery. You pay out of your pocket if you want specialty care that your GP doesn‚Äôt recommend. They pay for it out of the payroll taxes. It‚Äôs just called something else.  
I‚Äôm assuming you work for free?
Love the word FREE !  Nobody pays for it ?  Everyone works for FREE !  Yippee!! 
Crazy!!
Free doesn't cost?
Sadly,  that wouldn‚Äôt be the same here.
I have Medicare and supplement insurance. I pay 10,500 per year. Crazy!!
Yea if we had socialized medicine I have no doubt it would work just as well as how our government can‚Äôt even coordinate the COVID vaccine rollout.  Why oh why do people think the government is there to handle these things.  Name me one thing their efficient at doing.
That means taxes go up up up
No service is ever free. Payment comes from higher taxes.The concept is not bad, but for a government who can't even run the VA properly, there is a ton of work which must be done before the people of this country trust the government enough to run healthcare.
then why do so many Brits pay for private health insurance - my father used to - he said the National Health Service ......[ bleep ] ......... - fill in the blanks. friends of ours  from England would come here and go to the dentist while they were on ‚Ä¶ See more
I knew a doctor from England. He moved here because even medical is not always good medical.  Long lines, long waits, poor service.  Taxes high to pay for it.  If the USA would not send billions of dollars to other countries, Americans could have almost free medical.
I've never read such a string of ignorant remarks!
Cost for whom? Who pays is different than the cost. You also need to factor in the costs to the medical facilities. The full actual costs. Then there can be a real conversation about the inequity of medical costs around the world. 
Ya ok bullshit!! That‚Äôs why they come to America to get good health care!‚Äô
Just because it seems like it's free, it's not. Someone has to pay for all this free and it comes by way of increased taxes to those who actually hold a job, unlike those who choose not to work, then for that group, it's probably free. Simple, they don‚Ä¶ See more
https://amp.theguardian.com/.../nhs-patients-waiting-over....       You could wait months in the busy season here in Florida . Your insurer will decide who you are allowed to see and what you can have done
Nothing is free, so who pays for it?  How high are their taxes and how long must they wait to see a doctor?
Let me ask my relatives about this, pros & cons. Maybe major surgery is not part of that free care... 
Why not talk about the tax burden in the UK and then see who‚Äôs ahead. Especially when you consider you pay taxes your WHOLE working career.
How long does it take to get a doctor appointment in UK
Just one question - why is it that those that can afford it come here for major surgery? No such thing as free - somebody is paying.
there is a extremely long waiting list in the UK...
How long is the wait for elective surgery, for heart surgery?
The US has free Govenment Medicaid already for the poor and low income people  where they get free  medical healthcare free medication they should fix and expand Medicaid  add preexisting condition people who can't afford their  life long medical care and medication .
But look at the difference in taxes. Healhcare isn't free in the uk. Just like for illegals invading the US. Those paying taxes are the ones who pay for it.
A look at the cost of healthcare in the U.K. and in the U.S..
",video_caption
https://www.facebook.com/MyHealthCost/videos/shopping-for-healthcare-could-save-you-thousands-of-dollars/2081140308784443/,"HealthCost provides rate, location and reputation transparency so you have the freedom to choose and‚Ä¶
See more
",video_caption
https://www.facebook.com/nicehealthcare/,"Comprehensive, on-demand, in-home and virtual care that's affordably priced and delivered by highly
In case you missed it, Nice CEO Thompson Aderinkomi was interviewed by Nick Soman, CEO of Decent, for their new Healthcare Rebel Alliance podcast. They discuss what it's like to be a healthcare start-up founder,  what inspires them and the changes they'd like to see in the industry.
Read the full interview below.
",video_caption
https://www.facebook.com/DiversicareHealthcareServices/videos/award-winning-cnas-brookshire-healthcare-center/817120381777707/,"Award winning CNAs @ Brookshire Healthcare Center!
She is fantastic and shows she cares.
",video_caption
https://m.facebook.com/HeritageOrg/photos/5549666808379225/?locale=ms_MY,"#Healthcarecosts are skyrocketing. How do you provide quality #healthcare to your population and stay on budget? We can take the burden of health care management off your shoulders with a program that positively impacts your bottom line. Find out how: https://heritagehealthsolutions.com/
",video_caption
https://www.facebook.com/contactsafeharbor/videos/safe-harbor-health-is-back-at-itwe-are-hosting-a-live-training-the-basics-a-zwit/338267234523151/,"Safe Harbor Health is back at it!We are hosting a live #training: ‚ÄúThe Basics A-Z‚Äùwith CEO Mike Murray Friday 6/4 @ 10:30AM EST.Anyone interested in learning how this unique #wellnessprogram delivers immediate financial #savings for both #employe‚Ä¶
See more
",video_caption
https://www.facebook.com/sidecarhealth/,"Sidecar Health offers modern, common-sense health insurance that's clear and simple to use. No more n
Thanks to Real Simple for naming us in the 2021 #SmartMoneyAwards. We're honored to be included alongside so many fantastic companies. Check out the full list here:
Thanks to Doug for sharing his insights on why he's so excited about the future of healthcare. Doug, Chief Actuary, leads Actuarial, Underwriting and Finance for Sidecar Health. Doug has over 25 years of health insurance experience leading Actuarial and Underwriting teams for large carriers.
#sidecarhealth #healthcarerevolution #transparencymatters #consumerpower
",video_caption
https://www.facebook.com/capsahealthcare/,"At Capsa Healthcare, we help our customers and partners to elevate their performance, every day
Heading to #HIMSS24 in Orlando? 
Swing by booth #3040 for a hands-on look at our advanced mobile #ComputingWorkstations and #TabletCarts.
Pl‚Ä¶ See more
",video_caption
https://www.facebook.com/StPetersHealthPartners/videos/care4commongood-value-based-care/606894263336308/,"Hospitals and health systems are working hard to advance affordability by redesigning delivery and payment systems. Steven Hanks, M.D., chief clinical officer for #SPHP, talks about the need for Congress and other federal policymakers to accelerate t‚Ä¶
See more
Get back to promoting the wonderful female providers at SPHP and then let's talk about continuing to make SPHP more diverse !
",video_caption
https://www.facebook.com/groups/431822400195488/,"Don't you let it pass you by #viral, #fyb, #love ‚ôò‚ô§‚òà‚ô¢‚õò
OH!! Work smarter, not harder -3
",video_caption
https://www.facebook.com/fairhealth/,,video_caption
https://www.facebook.com/fairmarkethealth/videos/sometimes-the-simplest-solution-is-the-best-fairmarkethealth-wichitakansas-wichi/638166927955444/,"Sometimes the simplest solution is the best! #fairmarkethealth #wichitakansas #wichita #ks #healthcare #health #ict #humanresourcesmanager #smallbusiness #startup #savemoney #medicalbills #healthbenefits #healthcarecosts #savingmoney #savemoneytips‚Ä¶
See more
",video_caption
https://www.facebook.com/NationalHealthCareAssociates/,"National Health Care Associates (National) and its affiliate centers deliver quality post-acute care
Vermont, Connecticut & New York friends ---- It's time for our Annual Holiday Decorating Contest! Vote for your favorite!  The center with the most ""likes"" by Friday at 5pm wins!
Maine, Massachusetts and New Hampshire friends ---- It's time for our Annual Holiday Decorating Contest! Vote for your favorite!  The center with the most ""likes"" by Friday at 5pm wins!
Happy Certified Nurses Day and thank you all for demonstrating professionalism and dedication to quality patient care. Your unwavering commitment to patient-centered care helps guests become a better, brighter, and stronger version of themselves.
",video_caption
https://www.facebook.com/WhatTheHealthNC/videos/dr-gerard-anderson-health-care-prices/238935011041223/?locale=ms_MY,"‚ÄúHealth care is eating your paycheck.‚ÄùWhy is health care so expensive? John Hopkins professor Dr. Gerard Anderson breaks it down for us. Hear the lessons from an author of the famous paper, ‚ÄúIt‚Äôs the Prices, Stupid.‚ÄùThe takeaway? Blame the prices‚Ä¶
See more
",video_caption
https://www.facebook.com/healthecommerce/,"Parent brand of FSA Store, HSA Store, WellDeserved, and Caring Mill. Serving 70+ million tax-free health consumers.
Spring into better health with FSA Store! The March 15th FSA grace period deadline is almost here. Whether you‚Äôre fighting allergies or protecting your skin, our list of the Top 10 most popular FSA-eligible purchases for grace period will help you tend to your spring healthcare needs. Read more in Yahoo Finance
",video_caption
https://www.facebook.com/CommunityCare/videos/more-than-ready-communitycare/360847191756350/,"We are more than your average health plan. We are one of Oklahoma‚Äôs largest and strongest.
",video_caption
https://www.facebook.com/bettersolutionsforhealthcare/,"Working together to drive real solutions that will lower healthcare prices.
 Site-neutral reforms protect patients. The Lower Costs, More Transparency Act would only affect 0.1% of rural outpatient spending and take a big step towards lowering patients‚Äô costs.
 Rural residents who travel to the city for care pay much more for services provided in hospital-owned clinics compared to doctor‚Äôs offices. For example, an allergy skin tests cost $176 in a doctor‚Äôs office and $719 in a hospital-owned clinic.
Read more here: https://bit.ly/3IFFr7X
",video_caption
https://www.facebook.com/ContraCostaHealth/,"Contra Costa Health (CCH) is a comprehensive county health system.
Contra Costa County
Take care of the health of your pre-teens and teens! Vaccines are essential to keeping them from missing school and being able to have fun with their friends. Protect them against diseases like COVID-19, HPV, Meningitis and others. Learn more here: bit.ly/434G83U¬† ¬∑ See original¬† ¬∑ Rate this translation
Join us for the next MRC Oversight Committee meeting on Thursday, March 28 for an update on the independent investigation. Meeting info: cchealth.org/hazmat/mrc
Keep your preteens and teens healthy! Vaccines are key to ensuring they can keep up with school and enjoy time with friends. Protect them against illnesses like COVID-19, HPV, meningitis and more. Learn more here: bit.ly/434G83U
Acomp√°√±enos en la pr√≥xima reuni√≥n del Comit√© de Supervisi√≥n de la Refiner√≠a MRC que se realizar√° el Jueves, 28 de marzo para recibir informaci√≥n actualizada sobre la investigaci√≥n independiente. M√°s informaci√≥n en cchealth.org/hazmat/mrc
",video_caption
https://www.facebook.com/HealthcareReady/,"Healthcare Ready works to strengthen healthcare supply chains and enhance community health resiliency
1325 G Street NW, Washington D.C., DC, United States, Washington, District of Columbia
Join us at the 2024 Preparedness Summit as Angie Im, the associate director of research and policy for Healthcare Ready, takes the stage for a panel discussion for a groundbreaking study on the prioritization of state-managed medication stockpiling. Im will also be shedding light in a presentation on the urgent need for support for healthcare workforce in underserved communities. Don't miss out on these important conversation!
https://hubs.ly/Q02qg0920#PreparednessSummit #H‚Ä¶ See more
",video_caption
https://www.facebook.com/LifestylesHG/,"We are a unique integrative healthcare center combining medical, chiropractic and functional rehabilitation to help eliminate pain, increase function and regenerate joints.
11300 Lindbergh Blvd #110, Fort Myers, FL, United States, Florida
This office is so nice and clean, staff is so friendly, Dr. Stokke is amazing. Always feel so much better after my adjustment there. I feel so horrible going in and feel like a new person coming out after only one adjustment. I definitely would recomme‚Ä¶ See more
Thanks so much Connie for the positive comments and feedback!  We sure appreciate you!!
It's very sad that so many lives have been damaged or lost to opiod addiction.  These drugs are huge money makers for the pharmacuetical companies which is why little has ever been done.  The moral of this article should be to find the cause, address the cause properly and to not to chase the symptoms with another promise in a pill.
",video_caption
https://www.facebook.com/HCACare/,"https://linktr.ee/hcahealthcare
üìΩ Today, we‚Äôre joining Natasha, an HCA Healthcare cardiovascular technologist, as she gives us a behind-the-scenes look at the vital care she provides patients every day in the cardiac catheterization lab (cath lab).  Cath labs are special rooms inside of our hospitals where minimally invasive tests and procedures related to the heart are performed. According to the American Heart Association, approximately every 40 seconds, someone in the United States experiences a heart attack. You may need to visit the cath lab if you are experiencing symptoms of a potential heart attack like chest pain, dizziness, fatigue or shortness of breath. When heart emergencies occur, timely cardiac care is essential to preserving heart muscle. Cardiovascular technologists work alongside clinicians to ensure heart conditions are diagnosed and treated in a timely manner. When it comes to your heart, time is muscle. HCA Healthcare cardiovascular technologists support more than 200,000 procedures performed annually within cath labs across our network of care. These procedures include cardiac catheterizations, balloon angioplasties and the placement of stents. Utilizing advanced imaging technology and expert skill, our cardiovascular technologists serve as a right hand to cardiologists who perform life-saving procedures that treat conditions such as clogged arteries or irregular heartbeats. Natasha is part of a coordinated cardiovascular team at TriStar Centennial Medical Center, which is also equipped with a Structural Heart and Valve Clinic, Advanced Heart Failure Clinic and comprehensive Aortic Center. ‚ù§ As we round out American #HeartMonth, please join us in thanking cardiovascular technologists, like Natasha, who work behind-the-scenes in HCA Healthcare hospitals to care for the hearts of our patients. #HCAHeart #BTSAtHCAHealthcare
We are proud to announce that the HCA Healthcare Hope Fund, a 501(c)3 public charity that provides emergency funds to colleagues when significant hardships arise due to illness, injury, natural disasters or other difficult situations, has surpassed $100 million in grants awarded since its founding in 2005. In 2023 alone, more than $11.4 million in assistance was distributed to help more than 3,700 HCA Healthcare colleagues and families. ‚ÄúThis milestone for the HCA Healthcare Hope Fund is possible due to the generosity of our colleagues,‚Äù said Joe Flynn, president of the HCA Healthcare Hope Fund. ‚ÄúWe are grateful for their selflessness and compassion, as they give back to fellow colleagues struggling with circumstances beyond their control. Through each donation, our colleagues truly embody the mission of HCA Healthcare.‚ÄùEach year, more than 35,000 donors contribute to the HCA Healthcare Hope Fund to help their peers facing financial hardships. The HCA Healthcare Foundation also contributes more than $4 million a year to the fund by matching colleague donations.We are thankful for the generosity of colleagues across HCA Healthcare who have helped the Hope Fund reach this remarkable milestone. Read more about how the Hope Fund is making a difference in the lives of our colleagues in need ‚û° https://bit.ly/4bvhDRm.#HCACares #OurHopeFund
Today, we are proud to announce that 54 HCA Healthcare hospitals were recognized on the 2024 Healthgrades America‚Äôs 250 Best Hospitals list for superior performance in providing care for conditions and procedures across multiple specialty lines and areas. Using a methodology focused solely on patient outcomes, this award recognizes the top 5% of hospitals in the country for clinical excellence.‚ÄúWe strive for the highest standards of patient care,‚Äù said Dr. Michael Cuffe, executive vice president and chief clinical officer of HCA Healthcare. ‚ÄúThis achievement is a testament to our hospital colleagues‚Äô steadfast dedication to providing high-quality patient care.‚ÄùLearn about the HCA Healthcare hospitals recognized on the 2024 Healthgrades America‚Äôs 250 Best Hospitals list ‚û° https://bit.ly/49dyUfS.#RaiseTheBar #TopHospitals
Sweet Mary is the best! She brightens every day!
Across HCA Healthcare, child life specialists bring comfort to patients and their families during hospitalization.  Child life specialists guide children through the process of being in the hospital and help them understand what is happening and why. For these dedicated colleagues, care takes on many forms ‚Äì from helping a child with deep breathing by ‚Äúblowing out‚Äù birthday candles to remain calm as their IV is started to introducing a child to a new stuffed animal to accompa‚Ä¶ See more
",video_caption
https://www.facebook.com/FACHC/videos/health-care-services/2340551912859740/,"Florida‚Äôs Community Health Centers have been shaping the future of health care for nearly 50 years, ‚Ä¶
See more
",video_caption
https://www.facebook.com/HealthcareNetworkSWFL/,"Since 1977, Healthcare Network has been providing children and adults access to quality care.
Looking for a fulfilling career where you can make a difference? Join Healthcare Network and be part of a team dedicated to providing accessible healthcare to all members of our community!
Whether you're in the medical field or seeking a non-medical position, we have career opportunities for you.
Don't miss out on the chance to be part of something meaningful. Apply now at https://healthcareswfl.org/careers/ and embark on a rewarding journey with us!‚Ä¶ See more
",video_caption
https://www.facebook.com/Healthcare.gov/,"The Marketplace is a way to find health coverage that meets your needs and budget.Privacy Policy: http://go.hc.gov/1DcNqio
Wow I love it
I can not get any help from this organization. My health insurance keeps getting canceled and have spent hours trying to fix. Made my mental health problems worse. I would rather pay more than get the run around. Don't waste your time people.
Where are you, healthcare.gov ?
Say 'I do' to affordable health coverage! Certain life events like getting married may qualify you to enroll in a Marketplace health plan. Before you get started on the thank you notes, enroll in health coverage today: https://www.healthcare.gov/screener/
Are you expecting? Pregnant individuals get access to comprehensive medical care through Medicaid and CHIP. Coverage benefits include pre- and post-natal services for support and treatment.  Enrollment is open year-round. Learn more: https://go.hc.gov/3ImZyHD
 Spring has sprung, so get outside and get active! 
One of the keys to keeping your body healthy is keeping your body moving. Incorporating regular physical activity into your routine will keep you healthy and happy. Learn more: https://health.gov/.../nutri.../physical-activity-guidelines
",video_caption
https://www.facebook.com/hashtag/healthcarecosts/,"üö®A recent report (link in bio) has revealed that plastic exposures in the US contribute to a staggering $250 billion in healthcare costs. 
Open enrollment is just around the corner, starting November 1st - mark your calendars! 
üì£ Exciting News: My Latest Reel is Live! üöÄ ""The Six Reasons You Are Not Prepared for Retirement Part II""üåü
Your wish is my command @drweil
While I‚Äôm very critical in the video; HIV was the 2nd Epidemic during the cocaine crisis in the 1980‚Äôs. And LGBTQ üè≥Ô∏è‚Äçüåà pride is also soaring along wit‚Ä¶ See more
UCWYP, part 2
The fact that crowdfunding healthcare is normalized in the US is one of our greatest failings as a country.
How much was my hospital visit in Italy? üáÆüáπüò≠ I‚Äôm doing much better now ‚ù§Ô∏è Italy has a public healthcare system which I am grateful for. #italy #italia‚Ä¶ See more
üí∏ This eye‚Ä¶ See more
If you have health insurance or need to sign up, now is the ‚Ä¶ See more
In today's dynamic financial landscape, pre‚Ä¶ See more
Working on exactly this project to continue to showcase the power of #functionalmedecine and #integrativemedicine on ‚Ä¶ See more
When your parents are griping about healthcare costs, do your ears perk up? üëÇ
‚Ä¶ See more
#Healthcare #HealthCareCosts #CostOfLivin‚Ä¶ See more
",video_caption
https://www.facebook.com/NCHFlorida/,"NCH is a proud independent, nonprofit multi-facility healthcare system located in Naples, Florida
350 7th St. N., Naples, FL, United States, Florida
First in Florida! ‚òùÔ∏è NCH Rooney Heart Institute announces a groundbreaking procedure for patients with valvular heart disease. The operation performed by a highly specialized team led by Robert Cubeddu, MD, Harvard-trained interventional cardiologist and President of the NCH Rooney Heart Institute, represents the first-ever transcatheter tricuspid valve replacement performed in the State of Florida and one of ten in the country, after its recent approval by the U.S. Food and Drug Administration (FDA).The new tricuspid valve is known as the ‚ÄúEvoque‚Äù valve and is manufactured by Edwards Lifesciences. The self-expanding valve prosthesis is engineered from bovine pericardial tissue and is effectively delivered through a catheter inserted in the groin and maneuvered antegrade into the heart across the venous circulation. Once in position, the valve is carefully deployed replacing the function of the damaged tricuspid valve. The procedure takes approximately two hours, and most patients recover quickly and are discharged home within two to three days.‚ÄúThis major achievement represents not only an important milestone for our patients and our organization but underscores our overarching commitment to innovation and clinical excellence,‚Äù said Dr. Cubeddu. ‚ÄúAs a center of excellence in valvular heart disease, we are most proud and committed in providing patients a breadth of innovative solutions with early access to breakthrough therapies. The Evoque system is no different and will enable us to evaluate and treat for many more patients with valvular heart disease.‚ÄùCongratulations to Drs. David Axline, Gaston Cudemus, Brian Solomon and the Rooney Heart Institute team!üîó https://nchmd.org/press-releases/nch-cardiologist-performs-first-transcatheter-tricuspid-valve-replacement-in-florida/
Oh my. I remember the groundbreaking for the current building & then expansion project. 
Awesome team!! NCH providing our community with top notch healthcare!  Thanks to all of you!
Another day, another groundbreaking! 
First in Florida!  
Understanding symptoms can be a key step to managing seasonal allergies effectively. Consider these tips to provide relief and manage your symptoms.
Marco Urgent Care is proud to announce the groundbreaking ceremony for its state-of-the-art urgent care center, and today marks the beginning of construction for this vital healthcare facility.
The Marco Urgent Care center aims to provide accessible and efficient healthcare services to the residents of Marco Island and surrounding communities. With a focus on delivering high-quality care in a convenient setting, the center will offer a ‚Ä¶ See more
NCH Rooney Heart Institute announces a groundbreaking procedure for patients with valvular heart disease. The operation performed by a highly specialized team led by Robert Cubeddu, MD, Harvard-trained interventional cardiologist and President of the NCH Rooney Heart Institute, represents the first-ever transcatheter tricuspid valve replacement performed in the State of Florida and one of ten in the country, after its recent approval by the U.S. Food an‚Ä¶ See more
",video_caption
https://m.facebook.com/khalsahelpinternational/videos/2566324110164457/,"President Gurpreet Singh Rummy at Khalsa Help OPD Gurudwara Indrapuram. Big announcement of Khalsa Help launching a medicine service in which people can get medicine in most affordable rates. #khalsa #khalsahelp #khalsahelpfoundation #khalsahelpinte‚Ä¶
See more
",video_caption
https://www.facebook.com/EmpowerPharmacy/photos/a.1795562480484586/5552557258118404/?type=3,"Shaun Noorian founded Empower Pharmacy after a series of unusual inspirations.""If I had not been injured while working out in the oil fields, diagnosed with hypogonadism and subsequently prescribed compounded medication, Empower would not exist as it does today. I feel that it is no coincidence that the concept for Empower came from these guiding experiences. And so, I hold a core belief that the company's primary purpose is to improve patients' lives through quality, affor‚Ä¶ See more
Congratulations! So proud!
Congratulation to you all 
The best of the best!  
Proud for you
",video_caption
https://m.facebook.com/doctorkatehenry/videos/493551138503040/?locale=ms_MY&_rdr,,video_caption
https://m.facebook.com/mpharmaGH/photos/a.2433050060048116/5637408259612264/,"We launched our impact report on the 28th of April and among the guest speakers was the former Minister of Health, Ghana, Mr. Alex Segbefia, representing the former President of Ghana, H.E. John Dramani Mahama.He spoke about how much Mpharma has impacted the health sector in Africa.To read more about this, download our impact report here: https://mpharma.com/2022/04/28/mpharma-impact-report/‚Ä¶ See more
",video_caption
https://www.facebook.com/genericmedicineramanareddy/videos/ground-report-on-pradhan-mantri-bharatiya-jan-aushadhi-kendra-pmbjak-by-doordars/1726605500771352/,"Ground report on Pradhan Mantri Bharatiya Jan Aushadhi Kendra (PMBJAK) by Doordarshan News#PMBJP #JANAUSHADHI #affordablemedicine @qualitymedicines #BJP #ddnews
",video_caption
https://www.facebook.com/mpharmaGH/videos/we-are-building-an-africa-in-good-health-read-more-about-our-story-in-our-impact/539468670898343/,"We are building an Africa in good health. Read more about our story in our impact report.Visit our website for more information.#sustainablehealth #affordablemedicine #goodhealth #healthinafrica #mpharma #mpharmahealthafrica
",video_caption
https://www.facebook.com/mpharmaGH/photos/a.2433050060048116/5717253274961095/?type=3,"Under the QualityRx program, we have partnered with pharmacies in Nigeria, Ghana, Kenya and other African countries to make quality drugs available for health patients and consumers. Through our QualityRx model, we can now directly influence not just the price, but the quality of the drugs and healthcare services received by patients at our partner pharmacies.#sustainablehealth #affordablemedicine #goodhealth #healthinafrica #mpharma #mpharmahealthafrica
",video_caption
https://www.facebook.com/m4umedicals/videos/the-inception-of-m4u-was-with-the-sole-purpose-of-making-medicines-affordable-to/319365066139068/,"The inception of M4U was with the sole purpose of making medicines affordable to the masses. Starting with a step at a time, we are finally finding feet and trying to reach out to as many people as we can. It's never too late to take a step in the ri‚Ä¶
See more
",video_caption
https://m.facebook.com/lbfpharmacy/videos/beat-the-heat-oponganon-beattheheat2022-affordablemedicine-tianguerd-bawalmagkas/1024339118195146/,"Beat the Heat ....#O‚Ä¶
See more
",video_caption
https://m.facebook.com/dirxhealth/photos/the-world-of-pharmacy-is-changing-you-may-find-that-your-local-pharmacy-is-now-o/473469484734532/,"The world of pharmacy is changing. You may find that your local pharmacy is now out-of-network for your pharmacy benefit. DiRx is the reliable, self-pay alternative. We‚Äôre here to make medicine more accessible and affordable for all. Learn more by checking the link in our bio.#affordablemedicine #noinsurance #onlinepharmacy #dirxhealth
I would rather pay a little more and know that I will receive the meds for the money I paid, than order from a fly by night online pharmacy that steals my money.
",video_caption
https://m.facebook.com/EmpowerPharmacy/photos/it-was-2009-when-empower-began-inside-a-150-square-foot-space-in-the-back-of-a-d/5581887018518761/,"It was 2009 when Empower began inside a 150 square foot space in the back of a doctor‚Äôs office in Houston, TX.One engineer set out to expand access to quality medication.150 square feet turned into 1,500 square feet that turned into 15,000 square feet then to 30,000 square feet and now 60,000 square feet. Much of this is attributed to referrals, reputation and sheer hard work.In 2021, we will begin moving into our new 85,000 square feet facility where we plan to continu‚Ä¶ See more
SAD TO SAY MY DID NO WORK
Awesome!!
",video_caption
https://www.facebook.com/events/d41d8cd9/affordable-medicines-now/133062327545128/,,video_caption
https://m.facebook.com/photo/?fbid=446912297548364&set=ecnf.100066887917411&locale=hi_IN,"Montelukast is used to treat and prevent symptoms associated with asthma, as well as to prevent exercise-induced bronchoconstriction (EIB) and treat symptoms of hay fever, including seasonal or perennial allergic rhinitis, such as sneezing, runny nose, itching, or wheezing. Get Montelukast 4mg and 5mg dosage strengths delivered from DiRx for as low as $3.49 per month with a valid US prescription. $0 with DiRx Annual Savings Plan. http://ow.ly/Ggpn50Li5ef#dirxhealth #onlin... ‡§î‡§∞ ‡§¶‡•á‡§ñ‡•á‡§Ç
",video_caption
https://m.facebook.com/NoMoreBadMeds/?locale=ms_MY,"Expanding access to affordable meds for all through drug re-importation, repurposing generics for off-label uses, and reducing the cost of cancer meds
Sanders: big pharma gets angry at the thought of affordable healthcare and meds http://ow.ly/aAqR30aXYM3
",video_caption
https://m.facebook.com/story.php/?story_fbid=1932712567033112&id=1567248003579572,,video_caption
https://www.facebook.com/Univentis/videos/univentis-medicare-limited-we-prioritize-high-quality-and-affordable-medicines-t/223792460016630/,"Univentis Medicare Limited, we prioritize high-quality and affordable medicines to contribute to a healthier world. #healthylifestyle #healthcare #affordablemedicine #qualitymedicine #UniventisMedicareLimited #healthyliving #healthylife #medicine #‚Ä¶
See more
",video_caption
https://www.facebook.com/p/Affordable-Meds-100069962523161/,"Welcome to AffordableMeds.com! Join us on our mission to make meds affordable and accessible to everyone!
Why did the loperamide increase in price by 200%. The price increased from $15.95 to over $45.00.
I was just looking for it online and can't get into the site. Closed website for maintenance????
Check out why our customers love Affordable Meds!
Hemorrhoidal Cream with 5% Lidocaine by Bare & Better contains the same active ingredients as Preparation H. The only difference: Our 4 OZ tube by Bare & Better is 3 times cheaper!
Shop Loperamide Hydrochloride (Generic Imodium) and get the lowest price guarantee only at AffordableMeds.com.
Shop now at affordablemeds.comFollow @affordablemeds_com‚Ä¶ See more
",video_caption
https://www.facebook.com/dirxhealth/videos/wishing-all-our-customers-colleagues-and-friends-a-happy-and-healthy-holiday-sea/836985507586517/,"Wishing all our customers, colleagues, and friends a happy and healthy holiday season! Thank you for supporting our mission to provide affordable medicine for all.  #affordablemedicine #happyholidays #seasonsgreetings
",video_caption
https://www.facebook.com/dirxhealth/,"DiRx is an online pharmacy for low-cost, FDA-approved generic medicines.
Enhance cognitive clarity with Atomoxetine 80mg, the generic for Strattera. 30 capsules available for just $20, with free shipping included ‚Äì no insurance required. Elevate productivity without barriers.
Thrilled to hear our customer's feedback!  Thank you for recognizing our commitment to affordability and timeliness. Your satisfaction is our priority!
Easy access to essential medication! 120 tablets of Abiraterone Acetate 250mg for just $126.67, with free shipping and no insurance needed.¬†
#MentalWellness #StratteraAlternative #ProductivityEnhancement #Healthcare #Medication #ProfessionalDevelopment #online #pharmacy #affordable #affordablemedicine #noinsuranceneeded #freeshipping
#ClientLove #CustomerSatisfaction #HappyCustomers #ClientFeedback‚Ä¶ See more
Available here: https://www.dirxhealth.com/abiraterone-acetate-5
#AffordableMedication #NoInsurance #FreeShipping #CancerTreatment #Online Pharmacies #Availability #Health Conditions #AdvancedProstateCancer #Survivorship #LifeSavingMeds #Healthcare #FightCancer #ProstateCancer #HopeForPatients¬†#MedicalBreakthrough #medicationforcance‚Ä¶ See more
",video_caption
https://m.facebook.com/people/Affordable-medicine/100083439456368/,"A refreshing and invigorating herbal tonic for masculine mind, body and soul. Ruzu Black for men is available in all pharmacy outlets Nationwide.
",video_caption
https://www.facebook.com/hashtag/affordablemedicine/?__eep__=6,"Revolutionizing healthcare, Mark Cuban‚Äôs pharmaceutical venture is a beacon of accessibility. By prioritizing affordability, they‚Äôre making life-chang‚Ä¶ See more
Check out the largest medical week conference in all of Europe! This incredible event showcases the newest and most advanced German and Russian techno‚Ä¶ See more
Ratan Tata invested in this Healthcare Startup üíä
|| Generic Aadhaar Successful Story ||
This is a historic first and major step forward in the fight to save Americans money on medicine.
‚ÄúGeneric vs. Branded Medicines: What‚Äôs the Difference?‚Äù . 
.
.‚Ä¶ See more
American families should not have to choose between‚Ä¶ See more
",video_caption
https://www.facebook.com/gofundme/posts/this-family-is-in-a-race-against-time-to-raise-21-million-to-save-their-daughter/10158502499658550/,"https://ibb.co/D1qKfTt
It should just be it too her . How heartless the pharmaceutical companies are 
Praying 
Praying for you little one
This family is in a race against time to raise $2.1 million to save their daughter's life.
",video_caption
https://www.facebook.com/notMYkid/videos/how-can-i-help-someone-with-a-problem-stop-taking-drugs-how-can-i-help-if-they-d/1152580052184537/,"How can I help someone with a problem stop taking drugs? How can I help if they don‚Äôt want help?Asking how to help someone who may have a substance use disorder to stop taking drugs is one of the most common things we hear from both adults and teen‚Ä¶
See more
",video_caption
https://www.facebook.com/drugaddictionhelpline/,"Drug Addiction Helpline Nonprofit organization EIN# 82-2992650
https://www.amazon.com/Losing-Loved-Drug.../dp/1092344012...
",video_caption
https://www.facebook.com/PartnershipToEndAddiction/,"The nation‚Äôs leading organization dedicated to addiction prevention, treatment, education & recovery.Text CONNECT to 55753 & get free confidential support about how to help your loved one.Call 855-378-4373 to schedule a call with our free helpline.
People are talking about tianeptine (also known as gas station hero or tianeptine, in English), yet the misinformation abounds.It's not legal in America, but that doesn't stop internet vendors, gas stations, convenience stores and tobacco shops from promoting it illegally. Some people who have tried these products ended up in the hospital with seizures, psychosis or loss of consciousness. Calls to control intoxication for this substance are also on the rise, and several dea‚Ä¶ See more¬† ¬∑ See original¬† ¬∑ Rate this translation
",video_caption
https://www.facebook.com/samhsa/,"The Substance Abuse and Mental Health Services Administration (SAMHSA) leads public health efforts to advance the behavioral health of the nation.Mission: Reduce the impact of substance abuse and mental illness on America's communities.
Things are kinda tough atm especially this time of the year so I‚Äôm gifting 5 grands to the first 10 people to message me ‚ÄúALIVE ‚Äú god bless you all
#LGB adults are more likely than straight adults to use substances, experience mental health issues & experience serious thoughts of suicide. READ: http://store.samhsa.gov/.../lesbian-gay-and-bisexual...
#NDAFW: #Ecigs have surged in popularity, but teens can overlook how these products can be harmful.
During #WomensHistoryMonth, we are honoring influential women in history who have paved the way in behavioral health such as Rosalynn Carter.
Get answers to questions teens might be hesitant to ask others with this #ecigarettes fact sheet  https://store.samhsa.gov/.../tips-teens-truth.../pep19-12
Learn more about her legacy: https://www.whitehouse.gov/.../fir.../rosalynn-smith-carter/
",video_caption
https://m.facebook.com/PatientsForAffordableDrugsNOW/posts/728007731314848/,"Ridiculous
‚ÄúAt the core, the problem is that the private companies creating drugs like remdesivir have to think of their own bottom lines even as the world suffers ‚Äî even if the brunt of the costs of those projects were shouldered by the very taxpayers who may then struggle to pay the costs of those same drugs.‚Äù
",video_caption
https://m.facebook.com/NovaScriptsCentral/videos/we-are-a-nonprofit-pharmacy-focused-on-helping-individuals-gain-access-to-afford/1098305391097917/,"We are a nonprofit pharmacy focused on helping individuals gain access to affordable prescription medicines. Our dedicated staff is here to help identify potential options for those who are struggling to afford their medications. Learn more about o‚Ä¶
See more
",video_caption
https://m.facebook.com/photo/?fbid=505725414911268&set=ecnf.100064214401743,"No one should have to struggle to afford vital prescription medications. Contact The Rx Advocates today for help.Please call us at 844-559-8331#TheRxAdvocates #life #insulin #savemoney #prescriptionsupport #diabetes #lifestyle #healthylifestyle #mentalhealth #health #support #motivation #life #selfcare #healing #medicalcare #medications #prescription #prescriptions #prescriptionassistance #savemoney #help #stayhealthy #social
",video_caption
https://www.facebook.com/PhRMA/,"Our member companies are leading the way in the search for new cures. Research. Progress. Hope.
670 Maine Ave SW Ste. 1000, Washington D.C., DC, United States, Washington, District of Columbia
PBMs can steer you toward pharmacies that make them more money. How is that possible? Because they own pharmacies, too. See how these middlemen are putting profits before your health: https://onphr.ma/45DxFoU
This has been going on for years. Theres 9 biosimilars that have been rebranded from Humira. It‚Äôs highway robbery.
""Unless the administration withdraws its proposal, the United States will return to the days when the most promising federally backed discoveries never left university labs.""
""PBMs hold considerable power to change contract terms if their own bottom line suddenly is at risk.""
This is why voters overwhelmingly support solutions to rein in insurance companies and their pharmacy benefit managers. The current business model is broken ‚Äì and patients pay the price.
",video_caption
https://m.facebook.com/repunderwood/photos/no-one-should-struggle-to-afford-the-lifesaving-prescription-drugs-they-need-to-/1828149367330702/,,video_caption
https://hi-in.facebook.com/RepEliseStefanik/videos/with-1-in-4-americans-struggling-to-afford-their-medications-its-incumbent-on-us/535609263857479/,,video_caption
https://www.facebook.com/aaaswfl/videos/struggling-to-afford-your-prescription-medications-if-you-are-a-medicare-recipie/466052616936351/,,video_caption
https://www.facebook.com/PatientsForAffordableDrugsNOW/,,video_caption
https://www.facebook.com/PatientsForAffordableDrugs/,,video_caption
https://m.facebook.com/story.php/?story_fbid=214968250905033&id=100071755780480,,video_caption
https://www.facebook.com/thedeasonco/videos/our-story-we-love-helping-our-clients-save/300326105484770/,,video_caption
https://www.facebook.com/groups/payingtillithurts/,,video_caption
https://www.facebook.com/Simplefill/,,video_caption
https://www.facebook.com/lsscriptcare/,,video_caption
https://www.facebook.com/texasepilepsy/videos/medication-assistance-program-maps-olga/337999180888107/,,video_caption
https://www.facebook.com/mygooddaysorg/,,video_caption
https://www.facebook.com/groups/2250995321820831/?locale=th_TH,,video_caption
https://www.facebook.com/NCMedAssist/,,video_caption
