Title,Link,Source
What if Your Prescription Costs Too Much?,https://www.patientadvocate.org/cardio-it-matters-sheets/what-if-your-prescription-costs-too-much/,Patient Advocate Foundation
Why do your prescription drugs cost so much?,https://www.health.harvard.edu/blog/why-do-your-prescription-drugs-cost-so-much-202401183007,Harvard Health
What to Do if Your Medication Is Too Expensive,https://www.wellrx.com/news/what-to-do-if-your-medication-is-too-expensive/,WellRx
Coping with high prescription drug prices in the United States ...,https://www.uptodate.com/contents/coping-with-high-prescription-drug-prices-in-the-united-states-beyond-the-basics/print,Wolters Kluwer
Public Opinion on Prescription Drugs and Their Prices,https://www.kff.org/health-costs/poll-finding/public-opinion-on-prescription-drugs-and-their-prices/,KFF
6 Ways to Reduce Prescription Drug Costs,https://www.unitypoint.org/news-and-articles/6-ways-to-reduce-prescription-drug-costs,UnityPoint Health
CDC Report: 9 Million Americans Not Taking Medications ...,https://www.health.com/drug-costs-united-states-cdc-7509659,Health
High Drug Prices: So Who Is to Blame? - PMC,https://www.ncbi.nlm.nih.gov/pmc/articles/PMC5278914/,National Institutes of Health (NIH) (.gov)
The high cost of prescription drugs: causes and solutions,https://www.ncbi.nlm.nih.gov/pmc/articles/PMC7311400/,National Institutes of Health (NIH) (.gov)
Why do your prescription drugs cost so much?,https://www.health.harvard.edu/blog/why-do-your-prescription-drugs-cost-so-much-202401183007,Harvard Health
