,Title,Link,Source
0,Six Reasons Drug Prices Are So High in the U.S.,https://www.nytimes.com/2024/01/17/health/us-drug-prices.html,The New York Times
1,"Changes in the List Prices of Prescription Drugs, 2017-2023",https://aspe.hhs.gov/reports/changes-list-prices-prescription-drugs,HHS.gov
2,The high cost of prescription drugs: causes and solutions,https://www.ncbi.nlm.nih.gov/pmc/articles/PMC7311400/,National Institutes of Health (NIH) (.gov)
3,High & Rising Drug Prices: Myth vs. Fact,https://www.aha.org/2017-12-11-high-rising-drug-prices-myth-vs-fact,American Hospital Association
4,Biden-Harris Administration to Make First Offer for Drug ...,https://www.hhs.gov/about/news/2024/02/01/biden-harris-administration-make-first-offer-drug-price-negotiation-program-launches-new-resource-hub-help-people-access-lower-cost-drugs.html,HHS.gov
5,Public Opinion on Prescription Drugs and Their Prices,https://www.kff.org/health-costs/poll-finding/public-opinion-on-prescription-drugs-and-their-prices/,KFF
6,Why do your prescription drugs cost so much?,https://www.health.harvard.edu/blog/why-do-your-prescription-drugs-cost-so-much-202401183007,Harvard Health
7,Following the Money: Untangling U.S. Prescription Drug ...,https://www.americanprogress.org/article/following-the-money-untangling-u-s-prescription-drug-financing/,Center for American Progress
8,Coping with high prescription drug prices in the United States ...,https://www.uptodate.com/contents/coping-with-high-prescription-drug-prices-in-the-united-states-beyond-the-basics,Wolters Kluwer
9,Drug costs lead millions in the US to not take medications ...,https://www.cnn.com/2023/06/02/health/prescription-drug-costs-rationing/index.html,CNN
10,"Changes in the List Prices of Prescription Drugs, 2017-2023",https://aspe.hhs.gov/reports/changes-list-prices-prescription-drugs,HHS.gov
11,Drug Companies Continue To Hike Prices Above Inflation,https://www.americanprogress.org/article/drug-companies-continue-to-hike-prices-above-inflation/,Center for American Progress
12,Exclusive: Drugmakers set to raise US prices on at least ...,https://www.reuters.com/business/healthcare-pharmaceuticals/drugmakers-set-raise-us-prices-least-500-drugs-january-2023-12-29/,Reuters
13,"Changes in the List Prices of Prescription Drugs, 2017 ... - ASPE",https://aspe.hhs.gov/sites/default/files/documents/0cdd88059165eef3bed1fc587a0fd68a/aspe-drug-price-tracking-brief.pdf,HHS.gov
14,What to know about January's annual drug price hikes,https://www.npr.org/sections/health-shots/2024/01/17/1225083485/what-to-know-about-januarys-annual-drug-price-hikes,NPR
15,Drugmakers hiking prices for more than 700 medications ...,https://www.cbsnews.com/news/ozempic-mounjaro-price-increase-2024/,CBS News
16,Pharma companies raise prices on over 900 drugs amid ...,https://www.usatoday.com/story/news/health/2024/02/04/prescription-drug-prices-increase-january-medicine/72198152007/,USA Today
17,"Amid Biden admin's drug-pricing push, Big Pharma kicks ...",https://www.fiercepharma.com/pharma/ira-inflation-price-caps-loom-pharma-kicks-2024-hundreds-price-hikes-report,Fierce Pharma
18,High & Rising Drug Prices: Myth vs. Fact,https://www.aha.org/2017-12-11-high-rising-drug-prices-myth-vs-fact,American Hospital Association
19,Here are 25 Medicare Part D drugs that have skyrocketed ...,https://www.fiercehealthcare.com/payers/here-are-25-medicare-part-d-drugs-have-skyrocketed-price,Fierce Healthcare
20,"10 Most Expensive Drugs in the US, Period",https://www.goodrx.com/drugs/savings/most-expensive-drugs-in-us,GoodRx
21,10 Prescription Drugs That Medicare Spends the Most On,https://www.aarp.org/politics-society/advocacy/info-2023/most-expensive-medicare-rx-drugs.html,AARP
22,10 of the Most Expensive Drugs in the U.S.,https://www.drugs.com/article/top-10-most-expensive-drugs.html,Drugs.com
23,20 Most Expensive Drugs in the World,https://finance.yahoo.com/news/20-most-expensive-drugs-world-235924097.html,Yahoo Finance
24,Most expensive drugs in the US in 2023,https://www.fiercepharma.com/special-reports/priciest-drugs-2023,Fierce Pharma
25,What are the most expensive drugs in the United States ...,https://www.nesfircroft.com/resources/blog/what-are-the-most-expensive-drugs-in-the-united-states-in-2023-/,NES Fircroft
26,Most expensive prescription drugs in 2023,https://www.pharmamanufacturing.com/development/drug-approvals/article/33006956/most-expensive-drugs,Pharma Manufacturing
27,The 20 Most Expensive Prescription Drugs in the U.S.A.,https://assets.ctfassets.net/4f3rgqwzdznj/6IwNDHjJZrLL1037KPmACg/01e44028bfe30f58f414a12dfeeb0e0c/20-Most-Expensive-Drugs-Q1-2021.pdf,ctfassets.net
28,10 Most Expensive Drugs in the US 2023 Edition,https://www.rxbenefits.com/ebooks/10-most-expensive-drugs-2023/,RxBenefits
29,The 10 most expensive drugs in the world,https://nowpatient.com/blog/the-10-most-expensive-drugs-in-the-world,NowPatient
30,"Changes in the List Prices of Prescription Drugs, 2017-2023",https://aspe.hhs.gov/reports/changes-list-prices-prescription-drugs,HHS.gov
31,Drug Companies Continue To Hike Prices Above Inflation,https://www.americanprogress.org/article/drug-companies-continue-to-hike-prices-above-inflation/,Center for American Progress
32,"Price Increases for Prescription Drugs, 2016-2022 - ASPE",https://aspe.hhs.gov/reports/prescription-drug-price-increases,HHS.gov
33,Exclusive: Drugmakers set to raise US prices on at least ...,https://www.reuters.com/business/healthcare-pharmaceuticals/drugmakers-set-raise-us-prices-least-500-drugs-january-2023-12-29/,Reuters
34,High & Rising Drug Prices: Myth vs. Fact,https://www.aha.org/2017-12-11-high-rising-drug-prices-myth-vs-fact,American Hospital Association
35,Rising costs of prescription drugs could drive alternate ...,https://www.wolterskluwer.com/en/expert-insights/rising-costs-of-prescription-drugs-could-drive-alternate-options,Wolters Kluwer
36,Prescription Drug Prices Are on the Rise. How Can ...,https://www.shrm.org/topics-tools/news/benefits-compensation/how-employers-can-manage-rising-prescription-drug-costs,SHRM
37,Explaining the Prescription Drug Provisions in the Inflation ...,https://www.kff.org/medicare/issue-brief/explaining-the-prescription-drug-provisions-in-the-inflation-reduction-act/,KFF
38,Six Reasons Drug Prices Are So High in the U.S.,https://www.nytimes.com/2024/01/17/health/us-drug-prices.html,The New York Times
39,HHS reports surge in drug prices over past year | AHA News,https://www.aha.org/news/headline/2022-10-03-hhs-reports-surge-drug-prices-over-past-year,American Hospital Association
40,Drug Shortages,https://www.fda.gov/drugs/drug-safety-and-availability/drug-shortages,Food and Drug Administration (.gov)
41,Current Drug Shortages,https://www.ashp.org/drug-shortages/current-shortages,ASHP
42,Drug Shortages List,https://www.ashp.org/drug-shortages/current-shortages/drug-shortages-list?page=CurrentShortages,ASHP
43,Current Drug Shortages List,https://www.drugs.com/drug-shortages/,Drugs.com
44,What's causing the unusually high number of drug ...,https://www.pbs.org/newshour/show/whats-causing-the-unusually-high-number-of-drug-shortages-in-the-u-s,PBS
45,Frequently Asked Questions about Drug Shortages,https://www.fda.gov/drugs/drug-shortages/frequently-asked-questions-about-drug-shortages,Food and Drug Administration (.gov)
46,The Drug Shortage Crisis in the United States - PMC,https://www.ncbi.nlm.nih.gov/pmc/articles/PMC3278171/,National Institutes of Health (NIH) (.gov)
47,Millions of Americans Face Prescription Medication ...,https://www.usatoday.com/money/blueprint/insurance/medical-shortages/,USA Today
48,Reforms needed to alleviate persistent drug shortages,https://www.ama-assn.org/about/leadership/reforms-needed-alleviate-persistent-drug-shortages,American Medical Association
49,Barriers Associated with Access to Prescription ...,https://www.ncbi.nlm.nih.gov/pmc/articles/PMC9326716/,National Institutes of Health (NIH) (.gov)
50,Challenges and Potential Improvements to Patient Access ...,https://www.ahajournals.org/doi/10.1161/CIRCULATIONAHA.119.044976,AHA Journals
51,The patient's medication access journey: a conceptual ...,https://www.ncbi.nlm.nih.gov/pmc/articles/PMC10391227/,National Institutes of Health (NIH) (.gov)
52,Common Challenges and Barriers to Patients in Accessing ...,https://www.pharmacytimes.com/view/common-challenges-and-barriers-to-patients-in-accessing-medication,Pharmacy Times
53,Challenges to patient access to controlled drugs in the USA,https://www.thelancet.com/journals/lanonc/article/PIIS1470-2045(23)00142-0/fulltext,The Lancet
54,Access to medicines and the right to health,https://www.ohchr.org/en/special-procedures/sr-health/access-medicines-and-right-health,ohchr
55,Overcoming Barriers to Medication Access,https://www.healthadvocate.com/site/article/overcoming-barriers-to-medication-access,Health Advocate
56,Barriers in access to oncology drugs — a global crisis,https://www.nature.com/articles/s41571-022-00700-7,Nature
57,Access to Medicines,https://phrma.org/en/policy-issues/Access,PhRMA Org
58,"Drug Shortage: Causes, Impact, and Mitigation Strategies",https://www.frontiersin.org/articles/10.3389/fphar.2021.693426,Frontiers
59,Financing & Grants for Substance Abuse Treatment,https://americanaddictioncenters.org/rehab-guide/public-assistance,American Addiction Centers
60,SAMHSA's National Helpline,https://www.samhsa.gov/find-help/national-helpline,SAMHSA - Substance Abuse and Mental Health Services Administration (.gov)
61,Need help paying for substance use disorder treatment?,https://mn.gov/dhs/people-we-serve/adults/health-care/alcohol-drugs-addictions/programs-and-services/ccdtf.jsp,mn.gov
62,5 ways to get help with prescription costs,https://www.medicare.gov/drug-coverage-part-d/costs-for-medicare-drug-coverage/costs-in-the-coverage-gap/5-ways-to-get-help-with-prescription-costs,Medicare (.gov)
63,Financial Assistance for Drug & Alcohol Rehab,https://treatmentsolutions.com/treatment/rehab-guide/public-assistance/,Treatment Solutions
64,Public Financial Assistance for Drug Rehabilitation Programs,https://projectknow.com/rehab/government-financial-assistance/,Project Know
65,Help with drug costs,https://www.medicare.gov/basics/costs/help/drug-costs,Medicare (.gov)
66,How Do I Pay For Addiction Treatment?,https://www.addictioncenter.com/rehab-questions/paying-for-treatment/,Addiction Center
67,"Financial Assistance, Scholarships, & Grants for Addiction ...",https://rehabs.com/insurance-coverage/grants-scholarships-for-rehab/,rehabs.com
68,"Paying for Rehab: Payment Assistance, Insurance, and Costs",https://startyourrecovery.org/treatment/rehab-centers/paying,Start Your Recovery
69,Drug Assistance Programs,https://aafa.org/advocacy/advocacy-resources/patient-assistance-medicine-drug-programs/,Asthma and Allergy Foundation of America | AAFA
70,NeedyMeds,https://www.needymeds.org/,NeedyMeds
71,Help With Prescription Costs | Prescription Drugs Assistance,https://www.cancer.org/cancer/financial-insurance-matters/managing-health-insurance/prescription-drug-assistance-programs.html,American Cancer Society
72,How can I get help paying for my prescriptions?,https://www.mhanational.org/how-can-i-get-help-paying-my-prescriptions,Mental Health America
73,How to Get Low-Cost or Free Prescriptions,https://www.webmd.com/health-insurance/get-medication-free,WebMD
74,Prescription Assistance,https://www.needymeds.org/pap,NeedyMeds
75,Get help paying for your medicines,https://www.bms.com/patient-and-caregivers/get-help-paying-for-your-medicines.html,Bristol Myers Squibb
76,What to Do When You Can't Afford Your Chronic Disease ...,https://www.news.sanofi.us/What-to-Do-When-You-Cant-Afford-Your-Chronic-Disease-Medication,Sanofi US Media Room
77,Megathread: Medication Shortages : r/ADHD,https://www.reddit.com/r/ADHD/comments/175t342/megathread_medication_shortages/,Reddit · r/ADHD
78,r/drugshortages,https://www.reddit.com/r/drugshortages/,Reddit · r/drugshortages
79,Medication Shortage Megathread: Post your frustrations ...,https://www.reddit.com/r/ADHDUK/comments/18jwyde/medication_shortage_megathread_post_your/,Reddit · r/ADHDUK
80,Megathread: Medication Shortages : r/ADHD,https://www.reddit.com/r/ADHD/comments/1avkuzd/megathread_medication_shortages/,Reddit · r/ADHD
81,Megathread: US Medication Shortage : r/ADHD,https://www.reddit.com/r/ADHD/comments/12dr3h5/megathread_us_medication_shortage/,Reddit · r/ADHD
82,"Well, the shortage finally hit my pharmacy. : r/adhdwomen",https://www.reddit.com/r/adhdwomen/comments/18bmn2l/well_the_shortage_finally_hit_my_pharmacy/,Reddit · r/adhdwomen
83,"Medication shortage is brutal, how can we navigate it ...",https://www.reddit.com/r/ADHD_partners/comments/1aibz77/medication_shortage_is_brutal_how_can_we_navigate/,Reddit · r/ADHD_partners
84,ELI5 why there are long term medication shortages?,https://www.reddit.com/r/explainlikeimfive/comments/18lk2k3/eli5_why_there_are_long_term_medication_shortages/,Reddit · r/explainlikeimfive
85,What the crap is going on with the ADHD med shortage.,https://www.reddit.com/r/TwinCities/comments/17yq2eh/what_the_crap_is_going_on_with_the_adhd_med/,Reddit · r/TwinCities
86,Medication shortages suck : r/Frugal,https://www.reddit.com/r/Frugal/comments/13rkgap/medication_shortages_suck/,Reddit · r/Frugal
87,Can't access drug related communities What's going on?,https://www.reddit.com/r/reddithelp/comments/1482aq1/cant_access_drug_related_communities_whats_going/,Reddit · r/reddithelp
88,Can't access r/drugs or r/drugsarebeautiful,https://www.reddit.com/r/Infinity_For_Reddit/comments/zm3d2n/cant_access_rdrugs_or_rdrugsarebeautiful/,Reddit · r/Infinity_For_Reddit
89,r/Drugs is set to private but it's still accessible by anyone ...,https://www.reddit.com/r/bugs/comments/147qslm/rdrugs_is_set_to_private_but_its_still_accessible/,Reddit · r/bugs
90,Adderall Access Is Being Blocked by Secret Drug Limits,https://www.reddit.com/r/ADHD/comments/12al5l0/adderall_access_is_being_blocked_by_secret_drug/,Reddit · r/ADHD
91,Why am I flagged and no longer able to access pain ...,https://www.reddit.com/r/queensland/comments/11wdyg3/why_am_i_flagged_and_no_longer_able_to_access/,Reddit · r/queensland
92,What's happening with the drug discussions on Reddit? : r/intj,https://www.reddit.com/r/intj/comments/11vkarq/whats_happening_with_the_drug_discussions_on/,Reddit · r/intj
93,Investigating Substance Use via Reddit: Systematic ...,https://www.ncbi.nlm.nih.gov/pmc/articles/PMC10637357/,National Institutes of Health (NIH) (.gov)
94,Providing medications for free leads to greater adherence ...,https://www.reddit.com/r/science/comments/nhzhdp/providing_medications_for_free_leads_to_greater/,Reddit · r/science
95,CMV: The war on drugs is one of the worlds worst policy ...,https://www.reddit.com/r/changemyview/comments/ds4yjs/cmv_the_war_on_drugs_is_one_of_the_worlds_worst/,Reddit · r/changemyview
96,comments for drug related subreddits aren't viewable for ...,https://www.reddit.com/r/help/comments/zo0fir/comments_for_drug_related_subreddits_arent/,Reddit · r/help
97,SAMHSA's National Helpline,https://www.samhsa.gov/find-help/national-helpline,SAMHSA - Substance Abuse and Mental Health Services Administration (.gov)
98,Please help me find an affordable drug / substance abuse ...,https://www.reddit.com/r/southcarolina/comments/r945cz/please_help_me_find_an_affordable_drug_substance/,Reddit · r/southcarolina
99,r/REDDITORSINRECOVERY,https://www.reddit.com/r/REDDITORSINRECOVERY/,Reddit · r/REDDITORSINRECOVERY
100,Dealing with drug addiction : r/AskIreland,https://www.reddit.com/r/AskIreland/comments/14uustx/dealing_with_drug_addiction/,Reddit · r/AskIreland
101,r/addiction,https://www.reddit.com/r/addiction/,Reddit · r/addiction
102,"Drug addicts should be treated with compassion, given ...",https://www.reddit.com/r/unpopularopinion/comments/vewqb3/drug_addicts_should_be_treated_with_compassion/,Reddit · r/unpopularopinion
103,"List of subreddits about Drugs, Addiction, Drug Discussions ...",https://www.reddit.com/r/ListOfSubreddits/comments/abmkx6/list_of_subreddits_about_drugs_addiction_drug/,Reddit · r/ListOfSubreddits
104,How to get out of debt and stay off drugs ? : r/AskUK,https://www.reddit.com/r/AskUK/comments/14vig4a/how_to_get_out_of_debt_and_stay_off_drugs/,Reddit · r/AskUK
105,"Drug Addicts of Reddit, What is you're daily routine?",https://www.reddit.com/r/AskReddit/comments/1odh2l/drug_addicts_of_reddit_what_is_youre_daily_routine/,Reddit · r/AskReddit
106,Paying a lot for prescription drug coverage,https://www.reddit.com/r/personalfinance/comments/13nirkd/paying_a_lot_for_prescription_drug_coverage/,Reddit · r/personalfinance
107,YSK that if you live in the US and you are having trouble ...,https://www.reddit.com/r/YouShouldKnow/comments/calns4/ysk_that_if_you_live_in_the_us_and_you_are_having/,Reddit · r/YouShouldKnow
108,"YSK that if you need help affording medications, many ...",https://www.reddit.com/r/YouShouldKnow/comments/b1y0g0/ysk_that_if_you_need_help_affording_medications/,Reddit · r/YouShouldKnow
109,How does anyone afford proper medication?,https://www.reddit.com/r/povertyfinance/comments/13k9bq4/how_does_anyone_afford_proper_medication/,Reddit · r/povertyfinance
110,"LPT: If you can't afford your medication, try these resources ...",https://www.reddit.com/r/LifeProTips/comments/i6kymp/lpt_if_you_cant_afford_your_medication_try_these/,Reddit · r/LifeProTips
111,LPT: In America and can't afford medication? Most ...,https://www.reddit.com/r/LifeProTips/comments/eps1k3/lpt_in_america_and_cant_afford_medication_most/,Reddit · r/LifeProTips
112,YSK that most pharmaceutical companies in the US offer ...,https://www.reddit.com/r/YouShouldKnow/comments/109mdp1/ysk_that_most_pharmaceutical_companies_in_the_us/,Reddit · r/YouShouldKnow
113,How are people affording their medication : r/redditonwiki,https://www.reddit.com/r/redditonwiki/comments/199xd4b/how_are_people_affording_their_medication/,Reddit · r/redditonwiki
114,When patients can't afford their lifesaving medication,https://www.reddit.com/r/TalesFromThePharmacy/comments/sq6np7/when_patients_cant_afford_their_lifesaving/,Reddit · r/TalesFromThePharmacy
115,How do drug addicts afford drugs? : r/TooAfraidToAsk,https://www.reddit.com/r/TooAfraidToAsk/comments/11y8ksl/how_do_drug_addicts_afford_drugs/,Reddit · r/TooAfraidToAsk
116,Patient Assistance programs : r/healthcare,https://www.reddit.com/r/healthcare/comments/x5aue6/patient_assistance_programs/,Reddit · r/healthcare
117,Understanding and Raising Money for Addiction Treatment,https://www.gofundme.com/c/blog/raise-money-addiction-treatment,GoFundMe
118,Paying For Drug Rehab Using GoFundMe And Other ...,https://www.rehabcenter.net/gofundme-crowdsourcing-drug-rehab/,Rehabcenter.net
119,Paying for Prescriptions Made Easy: Seven Ideas to Help,https://www.gofundme.com/c/blog/paying-for-prescriptions,GoFundMe
120,This Fundraiser Platform Helps Pay for Addiction Treatment,https://recovery.org/this-fundraiser-platform-helps-pay-for-addiction-treatment/,Recovery.org
121,How to Pay for Expensive Medical Treatments,https://www.gofundme.com/c/blog/expensive-medical-treatments,GoFundMe
122,Top Financial Help and Resources for Cancer Patients,https://www.gofundme.com/c/blog/financial-help-cancer-patients,GoFundMe
123,Get help with medical fundraising,https://www.gofundme.com/start/medical-fundraising,GoFundMe
124,GoFundMe has become a health care utility,https://www.rgj.com/story/news/health/2024/02/17/gofundme-has-become-a-health-care-utility/72574754007/,Reno Gazette Journal
125,Trying to get help for a friend's son who needs rehab. ...,https://www.quora.com/Trying-to-get-help-for-a-friends-son-who-needs-rehab-The-rehab-cost-1300-to-get-him-a-bed-next-week-and-I-have-created-a-GoFundMe-account-for-him-What-else-can-I-do-to-possibly-come-up-with-the-money-to-get-him,Quora
126,How to Find Financial Assistance for Diabetes: Resources,https://www.gofundme.com/c/blog/diabetes-financial-assistance,GoFundMe
127,Understanding and Raising Money for Addiction Treatment,https://www.gofundme.com/c/blog/raise-money-addiction-treatment,GoFundMe
128,How to Pay for Expensive Medical Treatments,https://www.gofundme.com/c/blog/expensive-medical-treatments,GoFundMe
129,Find Financial Support With These 4 Medical Fundraising ...,https://www.gofundme.com/c/fundraising-tips/medical,GoFundMe
130,How to Get Help For Paying Unexpected Bills,https://www.gofundme.com/c/blog/how-to-get-help-with-bills,GoFundMe
131,How to Ask for Help With Money in 5 Steps,https://www.gofundme.com/c/blog/how-to-ask-for-help-with-money,GoFundMe
132,Paying For Drug Rehab Using GoFundMe And Other ...,https://www.rehabcenter.net/gofundme-crowdsourcing-drug-rehab/,Rehabcenter.net
133,Get help with medical fundraising,https://www.gofundme.com/start/medical-fundraising,GoFundMe
134,This Fundraiser Platform Helps Pay for Addiction Treatment,https://recovery.org/this-fundraiser-platform-helps-pay-for-addiction-treatment/,Recovery.org
135,GoFundMe has become a health care utility,https://fortune.com/well/2024/02/13/gofundme-has-become-a-health-care-utility/,Fortune
136,Paying for Prescriptions Made Easy: Seven Ideas to Help,https://www.gofundme.com/c/blog/paying-for-prescriptions,GoFundMe
137,Fund access to drugs for Jack's cancer treatment,https://www.gofundme.com/f/fund-access-to-drugs-for-jacks-cancer-treatment,GoFundMe
138,Help Robin access life prolonging drugs.,https://www.gofundme.com/f/robin-access-much-needed-life-prolonging-drugs,GoFundMe
139,Find Financial Support With These 4 Medical Fundraising ...,https://www.gofundme.com/c/fundraising-tips/medical,GoFundMe
140,Paying For Drug Rehab Using GoFundMe And Other ...,https://www.rehabcenter.net/gofundme-crowdsourcing-drug-rehab/,Rehabcenter.net
141,Donate to Fund access to drugs for Jack's cancer treatment,https://www.gofundme.com/f/fund-access-to-drugs-for-jacks-cancer-treatment/donate?qid=3e5c9c4c589b8ef900db4908441a890f,GoFundMe
142,How to Pay for Expensive Medical Treatments,https://www.gofundme.com/c/blog/expensive-medical-treatments,GoFundMe
143,How to Get Help Paying Unexpected Medical Bills,https://www.gofundme.com/c/blog/pay-medical-bills,GoFundMe
144,Help Ibrahim access lifesaving medicine,https://www.gofundme.com/f/help-ibrahim-access-lifesaving-medicine,GoFundMe
145,Help Trast get into drug Treatment!,https://www.gofundme.com/f/treatmentfortrast?modal=share,GoFundMe
